{
    "collections": [
        {
            "id": 1,
            "title": "Drinkware"
        },
        {
            "id": 2,
            "title": "Accessories"
        }
    ],
    "products": [
        {
            "id": 1,
            "title": "Temperature Control Mug",
            "description": "Keep your drink perfectly hot",
            "photoUrl": "https://placehold.co/500",
            "price": 99.95,
            "collectionId": 1,
            "rating": 4.5
        },
        {
            "id": 2,
            "title": "Travel Mug",
            "description": "Take your temperature-controlled drink on the go",
            "photoUrl": "https://placehold.co/500",
            "price": 119.95,
            "collectionId": 1,
            "rating": 4.7
        },
        {
            "id": 3,
            "title": "Charging Coaster",
            "description": "Keep your Ember mug charged and ready to go",
            "photoUrl": "https://placehold.co/500",
            "price": 39.99,
            "collectionId": 2,
            "rating": 4.0
        },
        {
          "id": 4,
          "title": "Ceramic Mug",
          "description": "Elegant, simple mug with temperature control",
          "photoUrl": "https://placehold.co/500",
          "price": 79.99,
          "collectionId": 1,
          "rating": 4.8
        },
        {
            "id": 5,
            "title": "Copper Mug",
            "description": "Stylish copper mug that keeps your drinks at the perfect temperature",
            "photoUrl": "https://ember.com/product5.jpg",
            "price": 129.99,
            "collectionId": 1,
            "rating": 4.6
        },
        {
            "id": 6,
            "title": "Glass Mug",
            "description": "See-through glass mug with cutting-edge temperature control",
            "photoUrl": "https://ember.com/product6.jpg",
            "price": 89.99,
            "collectionId": 1,
            "rating": 4.5
        },
        {
            "id": 7,
            "title": "Portable Charger",
            "description": "Portable charger for your Ember mugs on the go",
            "photoUrl": "https://ember.com/product7.jpg",
            "price": 49.99,
            "collectionId": 2,
            "rating": 4.3
        },
        {
            "id": 8,
            "title": "Mug Lid",
            "description": "An extra lid for your Ember mug",
            "photoUrl": "https://ember.com/product8.jpg",
            "price": 19.95,
            "collectionId": 2,
            "rating": 4.2
        },
        {
            "id": 9,
            "title": "Carrying Case",
            "description": "Protect your Ember mug with a stylish carrying case",
            "photoUrl": "https://ember.com/product9.jpg",
            "price": 34.95,
            "collectionId": 2,
            "rating": 4.4
        },
        {
            "id": 10,
            "title": "Cleaning Kit",
            "description": "Cleaning kit for your Ember products",
            "photoUrl": "https://ember.com/product10.jpg",
            "price": 25.95,
            "collectionId": 2,
            "rating": 4.1
        }
    ]
}